model,segment_recall
Isolation Forest[ATS_SLOW_TRANSFER],1.0
Isolation Forest[BATTERY_DEGRADATION],1.0
Isolation Forest[BREAKER_POSITION_MISMATCH],0.0833
Isolation Forest[BREAKER_STATUS_SPOOF],0.0833
Isolation Forest[BUS_VOLTAGE_FREEZE],0.0
Isolation Forest[BYPASS_LEFT_ENABLED],0.2727
Isolation Forest[COOLING_EFF_LOSS],0.0
Isolation Forest[COORDINATED_MASKING],0.0
Isolation Forest[FALSE_HEALTHY_SUBSYSTEM],0.0
Isolation Forest[GEN_EFF_LOSS],1.0
Isolation Forest[GEN_START_DELAY],1.0
Isolation Forest[GRID_DISTURBANCE],1.0
Isolation Forest[LOAD_SHED_MISCONFIG],1.0
Isolation Forest[PCC_METER_BIAS],0.0
Isolation Forest[POWER_METER_SPOOF],0.0
Isolation Forest[SOC_CAL_DRIFT],0.0
Isolation Forest[STEALTH_GEN_BIAS],1.0
Isolation Forest[SWAPPED_SENSOR_MAPPING],1.0
Isolation Forest[UNSCHEDULED_BLACK_START],1.0
Isolation Forest[UPS_BYPASS_STUCK],0.0
Isolation Forest[WRONG_ATS_TIMING],0.0
Isolation Forest[WRONG_BATT_SETPOINT],0.0
One-Class SVM[ATS_SLOW_TRANSFER],1.0
One-Class SVM[BATTERY_DEGRADATION],1.0
One-Class SVM[BREAKER_POSITION_MISMATCH],1.0
One-Class SVM[BREAKER_STATUS_SPOOF],1.0
One-Class SVM[BUS_VOLTAGE_FREEZE],0.4545
One-Class SVM[BYPASS_LEFT_ENABLED],1.0
One-Class SVM[COOLING_EFF_LOSS],1.0
One-Class SVM[COORDINATED_MASKING],0.2727
One-Class SVM[FALSE_HEALTHY_SUBSYSTEM],0.4545
One-Class SVM[GEN_EFF_LOSS],1.0
One-Class SVM[GEN_START_DELAY],1.0
One-Class SVM[GRID_DISTURBANCE],1.0
One-Class SVM[LOAD_SHED_MISCONFIG],1.0
One-Class SVM[PCC_METER_BIAS],0.75
One-Class SVM[POWER_METER_SPOOF],0.5455
One-Class SVM[SOC_CAL_DRIFT],0.8182
One-Class SVM[STEALTH_GEN_BIAS],1.0
One-Class SVM[SWAPPED_SENSOR_MAPPING],1.0
One-Class SVM[UNSCHEDULED_BLACK_START],1.0
One-Class SVM[UPS_BYPASS_STUCK],1.0
One-Class SVM[WRONG_ATS_TIMING],1.0
One-Class SVM[WRONG_BATT_SETPOINT],1.0
LOF[ATS_SLOW_TRANSFER],1.0
LOF[BATTERY_DEGRADATION],1.0
LOF[BREAKER_POSITION_MISMATCH],1.0
LOF[BREAKER_STATUS_SPOOF],1.0
LOF[BUS_VOLTAGE_FREEZE],0.9091
LOF[BYPASS_LEFT_ENABLED],1.0
LOF[COOLING_EFF_LOSS],1.0
LOF[COORDINATED_MASKING],0.9091
LOF[FALSE_HEALTHY_SUBSYSTEM],1.0
LOF[GEN_EFF_LOSS],1.0
LOF[GEN_START_DELAY],1.0
LOF[GRID_DISTURBANCE],1.0
LOF[LOAD_SHED_MISCONFIG],1.0
LOF[PCC_METER_BIAS],0.9167
LOF[POWER_METER_SPOOF],1.0
LOF[SOC_CAL_DRIFT],0.9091
LOF[STEALTH_GEN_BIAS],1.0
LOF[SWAPPED_SENSOR_MAPPING],1.0
LOF[UNSCHEDULED_BLACK_START],1.0
LOF[UPS_BYPASS_STUCK],1.0
LOF[WRONG_ATS_TIMING],1.0
LOF[WRONG_BATT_SETPOINT],1.0
PCA (k=10)[ATS_SLOW_TRANSFER],1.0
PCA (k=10)[BATTERY_DEGRADATION],1.0
PCA (k=10)[BREAKER_POSITION_MISMATCH],1.0
PCA (k=10)[BREAKER_STATUS_SPOOF],1.0
PCA (k=10)[BUS_VOLTAGE_FREEZE],0.0909
PCA (k=10)[BYPASS_LEFT_ENABLED],0.3636
PCA (k=10)[COOLING_EFF_LOSS],0.2727
PCA (k=10)[COORDINATED_MASKING],0.2727
PCA (k=10)[FALSE_HEALTHY_SUBSYSTEM],0.1818
PCA (k=10)[GEN_EFF_LOSS],1.0
PCA (k=10)[GEN_START_DELAY],1.0
PCA (k=10)[GRID_DISTURBANCE],1.0
PCA (k=10)[LOAD_SHED_MISCONFIG],1.0
PCA (k=10)[PCC_METER_BIAS],0.25
PCA (k=10)[POWER_METER_SPOOF],0.9091
PCA (k=10)[SOC_CAL_DRIFT],0.2727
PCA (k=10)[STEALTH_GEN_BIAS],1.0
PCA (k=10)[SWAPPED_SENSOR_MAPPING],1.0
PCA (k=10)[UNSCHEDULED_BLACK_START],1.0
PCA (k=10)[UPS_BYPASS_STUCK],1.0
PCA (k=10)[WRONG_ATS_TIMING],0.4167
PCA (k=10)[WRONG_BATT_SETPOINT],0.4167
AutoEncoder (MLP)[ATS_SLOW_TRANSFER],1.0
AutoEncoder (MLP)[BATTERY_DEGRADATION],1.0
AutoEncoder (MLP)[BREAKER_POSITION_MISMATCH],1.0
AutoEncoder (MLP)[BREAKER_STATUS_SPOOF],1.0
AutoEncoder (MLP)[BUS_VOLTAGE_FREEZE],0.1818
AutoEncoder (MLP)[BYPASS_LEFT_ENABLED],1.0
AutoEncoder (MLP)[COOLING_EFF_LOSS],0.7273
AutoEncoder (MLP)[COORDINATED_MASKING],0.8182
AutoEncoder (MLP)[FALSE_HEALTHY_SUBSYSTEM],0.2727
AutoEncoder (MLP)[GEN_EFF_LOSS],1.0
AutoEncoder (MLP)[GEN_START_DELAY],1.0
AutoEncoder (MLP)[GRID_DISTURBANCE],1.0
AutoEncoder (MLP)[LOAD_SHED_MISCONFIG],1.0
AutoEncoder (MLP)[PCC_METER_BIAS],0.75
AutoEncoder (MLP)[POWER_METER_SPOOF],1.0
AutoEncoder (MLP)[SOC_CAL_DRIFT],0.7273
AutoEncoder (MLP)[STEALTH_GEN_BIAS],1.0
AutoEncoder (MLP)[SWAPPED_SENSOR_MAPPING],1.0
AutoEncoder (MLP)[UNSCHEDULED_BLACK_START],1.0
AutoEncoder (MLP)[UPS_BYPASS_STUCK],1.0
AutoEncoder (MLP)[WRONG_ATS_TIMING],1.0
AutoEncoder (MLP)[WRONG_BATT_SETPOINT],1.0
