data_seed,detector_seed,features,detector,calibration,condition,rows,flagged,far_pct,threshold,warnings
42,42,all40,IForest,grid,generator_test,8538,8538,100.0,0.4752742424702886,
42,42,all40,IForest,grid,ups_bypass,1612,1612,100.0,0.4752742424702886,
42,42,all40,IForest,grid,load_shed_test,2284,2284,100.0,0.4752742424702886,
42,42,all40,IForest,grid,maintenance,12434,12434,100.0,0.4752742424702886,
42,42,all40,IForest,grid,grid,73400,3670,5.0,0.4752742424702886,
42,42,all40,IForest,all_normal,generator_test,8538,3340,39.11923167018037,0.6023976919606505,
42,42,all40,IForest,all_normal,ups_bypass,1612,0,0.0,0.6023976919606505,
42,42,all40,IForest,all_normal,load_shed_test,2284,929,40.67425569176883,0.6023976919606505,
42,42,all40,IForest,all_normal,maintenance,12434,4269,34.33327971690526,0.6023976919606505,
42,42,all40,IForest,all_normal,grid,73400,0,0.0,0.6023976919606505,
42,42,all40,PCA,grid,generator_test,8538,5596,65.54228156476927,0.008113102987408638,
42,42,all40,PCA,grid,ups_bypass,1612,85,5.272952853598015,0.008113102987408638,
42,42,all40,PCA,grid,load_shed_test,2284,1575,68.95796847635727,0.008113102987408638,
42,42,all40,PCA,grid,maintenance,12434,7256,58.35612031526459,0.008113102987408638,
42,42,all40,PCA,grid,grid,73400,3670,5.0,0.008113102987408638,
42,42,all40,PCA,all_normal,generator_test,8538,3083,36.109159053642536,0.015891646966338158,
42,42,all40,PCA,all_normal,ups_bypass,1612,4,0.24813895781637718,0.015891646966338158,
42,42,all40,PCA,all_normal,load_shed_test,2284,940,41.155866900175134,0.015891646966338158,
42,42,all40,PCA,all_normal,maintenance,12434,4027,32.387003377834965,0.015891646966338158,
42,42,all40,PCA,all_normal,grid,73400,147,0.2002724795640327,0.015891646966338158,
42,42,all40,AE,grid,generator_test,8538,5123,60.00234246896229,0.011433335952460766,
42,42,all40,AE,grid,ups_bypass,1612,1074,66.62531017369727,0.011433335952460766,
42,42,all40,AE,grid,load_shed_test,2284,1420,62.17162872154116,0.011433335952460766,
42,42,all40,AE,grid,maintenance,12434,7617,61.25944989544797,0.011433335952460766,
42,42,all40,AE,grid,grid,73400,3670,5.0,0.011433335952460766,
42,42,all40,AE,all_normal,generator_test,8538,2498,29.25743733895526,0.02091361954808235,
42,42,all40,AE,all_normal,ups_bypass,1612,457,28.34987593052109,0.02091361954808235,
42,42,all40,AE,all_normal,load_shed_test,2284,764,33.45008756567426,0.02091361954808235,
42,42,all40,AE,all_normal,maintenance,12434,3719,29.909924400836417,0.02091361954808235,
42,42,all40,AE,all_normal,grid,73400,452,0.6158038147138964,0.02091361954808235,
42,42,measurement22,IForest,grid,generator_test,8538,8538,100.0,0.48620387148266886,
42,42,measurement22,IForest,grid,ups_bypass,1612,54,3.3498759305210917,0.48620387148266886,
42,42,measurement22,IForest,grid,load_shed_test,2284,2284,100.0,0.48620387148266886,
42,42,measurement22,IForest,grid,maintenance,12434,10876,87.46984075920862,0.48620387148266886,
42,42,measurement22,IForest,grid,grid,73400,3670,5.0,0.48620387148266886,
42,42,measurement22,IForest,all_normal,generator_test,8538,3446,40.360740220192085,0.6046463864144993,
42,42,measurement22,IForest,all_normal,ups_bypass,1612,0,0.0,0.6046463864144993,
42,42,measurement22,IForest,all_normal,load_shed_test,2284,864,37.828371278458846,0.6046463864144993,
42,42,measurement22,IForest,all_normal,maintenance,12434,4310,34.66302074955767,0.6046463864144993,
42,42,measurement22,IForest,all_normal,grid,73400,0,0.0,0.6046463864144993,
42,42,measurement22,PCA,grid,generator_test,8538,811,9.498711642070742,0.005656724330037832,
42,42,measurement22,PCA,grid,ups_bypass,1612,1192,73.94540942928039,0.005656724330037832,
42,42,measurement22,PCA,grid,load_shed_test,2284,337,14.754816112084063,0.005656724330037832,
42,42,measurement22,PCA,grid,maintenance,12434,2340,18.81936625382017,0.005656724330037832,
42,42,measurement22,PCA,grid,grid,73400,3670,5.0,0.005656724330037832,
42,42,measurement22,PCA,all_normal,generator_test,8538,581,6.804872335441556,0.00635212566703558,
42,42,measurement22,PCA,all_normal,ups_bypass,1612,1015,62.96526054590571,0.00635212566703558,
42,42,measurement22,PCA,all_normal,load_shed_test,2284,278,12.171628721541156,0.00635212566703558,
42,42,measurement22,PCA,all_normal,maintenance,12434,1874,15.071577931478206,0.00635212566703558,
42,42,measurement22,PCA,all_normal,grid,73400,2307,3.143051771117166,0.00635212566703558,
42,42,measurement22,AE,grid,generator_test,8538,3448,40.38416490981495,0.011087499558925629,
42,42,measurement22,AE,grid,ups_bypass,1612,417,25.868486352357323,0.011087499558925629,
42,42,measurement22,AE,grid,load_shed_test,2284,938,41.06830122591944,0.011087499558925629,
42,42,measurement22,AE,grid,maintenance,12434,4803,38.62795560559755,0.011087499558925629,
42,42,measurement22,AE,grid,grid,73400,3670,5.0,0.011087499558925629,
42,42,measurement22,AE,all_normal,generator_test,8538,2219,25.98969313656594,0.015829574316740036,
42,42,measurement22,AE,all_normal,ups_bypass,1612,94,5.831265508684864,0.015829574316740036,
42,42,measurement22,AE,all_normal,load_shed_test,2284,637,27.889667250437828,0.015829574316740036,
42,42,measurement22,AE,all_normal,maintenance,12434,2950,23.725269422551072,0.015829574316740036,
42,42,measurement22,AE,all_normal,grid,73400,1227,1.6716621253405994,0.015829574316740036,
123,42,all40,IForest,grid,generator_test,9548,9548,100.0,0.47691715016099545,
123,42,all40,IForest,grid,ups_bypass,2302,2302,100.0,0.47691715016099545,
123,42,all40,IForest,grid,load_shed_test,1920,1920,100.0,0.47691715016099545,
123,42,all40,IForest,grid,maintenance,13770,13770,100.0,0.47691715016099545,
123,42,all40,IForest,grid,grid,72092,3605,5.000554846584919,0.47691715016099545,
123,42,all40,IForest,all_normal,generator_test,9548,3434,35.965647255969834,0.5998054283341211,
123,42,all40,IForest,all_normal,ups_bypass,2302,2,0.08688097306689835,0.5998054283341211,
123,42,all40,IForest,all_normal,load_shed_test,1920,840,43.75,0.5998054283341211,
123,42,all40,IForest,all_normal,maintenance,13770,4276,31.053013798111838,0.5998054283341211,
123,42,all40,IForest,all_normal,grid,72092,0,0.0,0.5998054283341211,
123,42,all40,PCA,grid,generator_test,9548,6255,65.51110180142439,0.007909671403467655,
123,42,all40,PCA,grid,ups_bypass,2302,130,5.647263249348393,0.007909671403467655,
123,42,all40,PCA,grid,load_shed_test,1920,1290,67.1875,0.007909671403467655,
123,42,all40,PCA,grid,maintenance,13770,7675,55.737109658678285,0.007909671403467655,
123,42,all40,PCA,grid,grid,72092,3605,5.000554846584919,0.007909671403467655,
123,42,all40,PCA,all_normal,generator_test,9548,3341,34.991621281943864,0.01572287082672119,
123,42,all40,PCA,all_normal,ups_bypass,2302,5,0.2172024326672459,0.01572287082672119,
123,42,all40,PCA,all_normal,load_shed_test,1920,723,37.65625,0.01572287082672119,
123,42,all40,PCA,all_normal,maintenance,13770,4069,29.54974582425563,0.01572287082672119,
123,42,all40,PCA,all_normal,grid,72092,112,0.15535704377739556,0.01572287082672119,
123,42,all40,AE,grid,generator_test,9548,5166,54.10557184750733,0.008084690198302269,Stochastic Optimizer: Maximum iterations (50) reached and the optimization hasn't converged yet.
123,42,all40,AE,grid,ups_bypass,2302,1427,61.989574283231974,0.008084690198302269,Stochastic Optimizer: Maximum iterations (50) reached and the optimization hasn't converged yet.
123,42,all40,AE,grid,load_shed_test,1920,1133,59.010416666666664,0.008084690198302269,Stochastic Optimizer: Maximum iterations (50) reached and the optimization hasn't converged yet.
123,42,all40,AE,grid,maintenance,13770,7726,56.10748002904866,0.008084690198302269,Stochastic Optimizer: Maximum iterations (50) reached and the optimization hasn't converged yet.
123,42,all40,AE,grid,grid,72092,3605,5.000554846584919,0.008084690198302269,Stochastic Optimizer: Maximum iterations (50) reached and the optimization hasn't converged yet.
123,42,all40,AE,all_normal,generator_test,9548,2660,27.859237536656888,0.013844925910234451,Stochastic Optimizer: Maximum iterations (50) reached and the optimization hasn't converged yet.
123,42,all40,AE,all_normal,ups_bypass,2302,477,20.721112076455256,0.013844925910234451,Stochastic Optimizer: Maximum iterations (50) reached and the optimization hasn't converged yet.
123,42,all40,AE,all_normal,load_shed_test,1920,647,33.697916666666664,0.013844925910234451,Stochastic Optimizer: Maximum iterations (50) reached and the optimization hasn't converged yet.
123,42,all40,AE,all_normal,maintenance,13770,3784,27.4800290486565,0.013844925910234451,Stochastic Optimizer: Maximum iterations (50) reached and the optimization hasn't converged yet.
123,42,all40,AE,all_normal,grid,72092,393,0.5451367696831826,0.013844925910234451,Stochastic Optimizer: Maximum iterations (50) reached and the optimization hasn't converged yet.
123,42,measurement22,IForest,grid,generator_test,9548,9548,100.0,0.48904374695160757,
123,42,measurement22,IForest,grid,ups_bypass,2302,125,5.430060816681147,0.48904374695160757,
123,42,measurement22,IForest,grid,load_shed_test,1920,1920,100.0,0.48904374695160757,
123,42,measurement22,IForest,grid,maintenance,13770,11593,84.19026870007262,0.48904374695160757,
123,42,measurement22,IForest,grid,grid,72092,3605,5.000554846584919,0.48904374695160757,
123,42,measurement22,IForest,all_normal,generator_test,9548,3492,36.5731043150398,0.5988513383998024,
123,42,measurement22,IForest,all_normal,ups_bypass,2302,0,0.0,0.5988513383998024,
123,42,measurement22,IForest,all_normal,load_shed_test,1920,818,42.604166666666664,0.5988513383998024,
123,42,measurement22,IForest,all_normal,maintenance,13770,4310,31.29992737835875,0.5988513383998024,
123,42,measurement22,IForest,all_normal,grid,72092,1,0.0013871164622981744,0.5988513383998024,
123,42,measurement22,PCA,grid,generator_test,9548,776,8.12735651445329,0.005423581227660179,
123,42,measurement22,PCA,grid,ups_bypass,2302,1855,80.58210251954822,0.005423581227660179,
123,42,measurement22,PCA,grid,load_shed_test,1920,272,14.166666666666666,0.005423581227660179,
123,42,measurement22,PCA,grid,maintenance,13770,2903,21.082062454611474,0.005423581227660179,
123,42,measurement22,PCA,grid,grid,72092,3605,5.000554846584919,0.005423581227660179,
123,42,measurement22,PCA,all_normal,generator_test,9548,469,4.912023460410557,0.006295051891356707,
123,42,measurement22,PCA,all_normal,ups_bypass,2302,1548,67.24587315377933,0.006295051891356707,
123,42,measurement22,PCA,all_normal,load_shed_test,1920,222,11.5625,0.006295051891356707,
123,42,measurement22,PCA,all_normal,maintenance,13770,2239,16.25998547567175,0.006295051891356707,
123,42,measurement22,PCA,all_normal,grid,72092,1958,2.7159740331798257,0.006295051891356707,
123,42,measurement22,AE,grid,generator_test,9548,2401,25.146627565982406,0.01476588100194931,Stochastic Optimizer: Maximum iterations (50) reached and the optimization hasn't converged yet.
123,42,measurement22,AE,grid,ups_bypass,2302,495,21.50304083405734,0.01476588100194931,Stochastic Optimizer: Maximum iterations (50) reached and the optimization hasn't converged yet.
123,42,measurement22,AE,grid,load_shed_test,1920,570,29.6875,0.01476588100194931,Stochastic Optimizer: Maximum iterations (50) reached and the optimization hasn't converged yet.
123,42,measurement22,AE,grid,maintenance,13770,3466,25.170660856935367,0.01476588100194931,Stochastic Optimizer: Maximum iterations (50) reached and the optimization hasn't converged yet.
123,42,measurement22,AE,grid,grid,72092,3605,5.000554846584919,0.01476588100194931,Stochastic Optimizer: Maximum iterations (50) reached and the optimization hasn't converged yet.
123,42,measurement22,AE,all_normal,generator_test,9548,1749,18.317972350230416,0.017945056781172752,Stochastic Optimizer: Maximum iterations (50) reached and the optimization hasn't converged yet.
123,42,measurement22,AE,all_normal,ups_bypass,2302,223,9.687228496959166,0.017945056781172752,Stochastic Optimizer: Maximum iterations (50) reached and the optimization hasn't converged yet.
123,42,measurement22,AE,all_normal,load_shed_test,1920,449,23.385416666666668,0.017945056781172752,Stochastic Optimizer: Maximum iterations (50) reached and the optimization hasn't converged yet.
123,42,measurement22,AE,all_normal,maintenance,13770,2421,17.58169934640523,0.017945056781172752,Stochastic Optimizer: Maximum iterations (50) reached and the optimization hasn't converged yet.
123,42,measurement22,AE,all_normal,grid,72092,1752,2.430228041946402,0.017945056781172752,Stochastic Optimizer: Maximum iterations (50) reached and the optimization hasn't converged yet.
777,42,all40,IForest,grid,generator_test,11124,11124,100.0,0.47961702637159104,
777,42,all40,IForest,grid,ups_bypass,1906,1844,96.74711437565581,0.47961702637159104,
777,42,all40,IForest,grid,load_shed_test,1783,1783,100.0,0.47961702637159104,
777,42,all40,IForest,grid,maintenance,14813,14751,99.58144872746911,0.47961702637159104,
777,42,all40,IForest,grid,grid,71096,3555,5.0002813097783285,0.47961702637159104,
777,42,all40,IForest,all_normal,generator_test,11124,3762,33.81877022653722,0.5927787770281071,
777,42,all40,IForest,all_normal,ups_bypass,1906,0,0.0,0.5927787770281071,
777,42,all40,IForest,all_normal,load_shed_test,1783,511,28.65956253505328,0.5927787770281071,
777,42,all40,IForest,all_normal,maintenance,14813,4273,28.846283669749546,0.5927787770281071,
777,42,all40,IForest,all_normal,grid,71096,0,0.0,0.5927787770281071,
777,42,all40,PCA,grid,generator_test,11124,6906,62.08198489751888,0.007768469396978617,
777,42,all40,PCA,grid,ups_bypass,1906,100,5.246589716684155,0.007768469396978617,
777,42,all40,PCA,grid,load_shed_test,1783,1113,62.422882781828385,0.007768469396978617,
777,42,all40,PCA,grid,maintenance,14813,8119,54.809964220617026,0.007768469396978617,
777,42,all40,PCA,grid,grid,71096,3555,5.0002813097783285,0.007768469396978617,
777,42,all40,PCA,all_normal,generator_test,11124,3460,31.103919453434013,0.015541617758572102,
777,42,all40,PCA,all_normal,ups_bypass,1906,0,0.0,0.015541617758572102,
777,42,all40,PCA,all_normal,load_shed_test,1783,608,34.09983174425126,0.015541617758572102,
777,42,all40,PCA,all_normal,maintenance,14813,4068,27.462364139607104,0.015541617758572102,
777,42,all40,PCA,all_normal,grid,71096,115,0.16175312253853943,0.015541617758572102,
777,42,all40,AE,grid,generator_test,11124,5416,48.68752247393024,0.01242048479616642,
777,42,all40,AE,grid,ups_bypass,1906,717,37.618048268625394,0.01242048479616642,
777,42,all40,AE,grid,load_shed_test,1783,881,49.41110487941671,0.01242048479616642,
777,42,all40,AE,grid,maintenance,14813,7014,47.35030041180045,0.01242048479616642,
777,42,all40,AE,grid,grid,71096,3555,5.0002813097783285,0.01242048479616642,
777,42,all40,AE,all_normal,generator_test,11124,2868,25.782092772384036,0.01965341530740261,
777,42,all40,AE,all_normal,ups_bypass,1906,289,15.162644281217208,0.01965341530740261,
777,42,all40,AE,all_normal,load_shed_test,1783,524,29.38867077958497,0.01965341530740261,
777,42,all40,AE,all_normal,maintenance,14813,3681,24.849794099777224,0.01965341530740261,
777,42,all40,AE,all_normal,grid,71096,501,0.7046809947113761,0.01965341530740261,
777,42,measurement22,IForest,grid,generator_test,11124,11124,100.0,0.49246810702764476,
777,42,measurement22,IForest,grid,ups_bypass,1906,76,3.987408184679958,0.49246810702764476,
777,42,measurement22,IForest,grid,load_shed_test,1783,1783,100.0,0.49246810702764476,
777,42,measurement22,IForest,grid,maintenance,14813,12983,87.64598663336258,0.49246810702764476,
777,42,measurement22,IForest,grid,grid,71096,3555,5.0002813097783285,0.49246810702764476,
777,42,measurement22,IForest,all_normal,generator_test,11124,3768,33.87270765911543,0.5900635073094544,
777,42,measurement22,IForest,all_normal,ups_bypass,1906,0,0.0,0.5900635073094544,
777,42,measurement22,IForest,all_normal,load_shed_test,1783,528,29.613011777902408,0.5900635073094544,
777,42,measurement22,IForest,all_normal,maintenance,14813,4296,29.00155269020455,0.5900635073094544,
777,42,measurement22,IForest,all_normal,grid,71096,0,0.0,0.5900635073094544,
777,42,measurement22,PCA,grid,generator_test,11124,894,8.036677454153182,0.004922075197100639,
777,42,measurement22,PCA,grid,ups_bypass,1906,1582,83.00104931794333,0.004922075197100639,
777,42,measurement22,PCA,grid,load_shed_test,1783,263,14.750420639371844,0.004922075197100639,
777,42,measurement22,PCA,grid,maintenance,14813,2739,18.49051508809829,0.004922075197100639,
777,42,measurement22,PCA,grid,grid,71096,3555,5.0002813097783285,0.004922075197100639,
777,42,measurement22,PCA,all_normal,generator_test,11124,580,5.213951815893563,0.005666885059326887,
777,42,measurement22,PCA,all_normal,ups_bypass,1906,1392,73.03252885624345,0.005666885059326887,
777,42,measurement22,PCA,all_normal,load_shed_test,1783,214,12.002243409983175,0.005666885059326887,
777,42,measurement22,PCA,all_normal,maintenance,14813,2186,14.75730777020185,0.005666885059326887,
777,42,measurement22,PCA,all_normal,grid,71096,2005,2.820130527737144,0.005666885059326887,
777,42,measurement22,AE,grid,generator_test,11124,1030,9.25925925925926,0.01723542809486389,
777,42,measurement22,AE,grid,ups_bypass,1906,116,6.08604407135362,0.01723542809486389,
777,42,measurement22,AE,grid,load_shed_test,1783,236,13.236118900729107,0.01723542809486389,
777,42,measurement22,AE,grid,maintenance,14813,1382,9.329642881252953,0.01723542809486389,
777,42,measurement22,AE,grid,grid,71096,3555,5.0002813097783285,0.01723542809486389,
777,42,measurement22,AE,all_normal,generator_test,11124,903,8.117583603020497,0.018318448215723038,
777,42,measurement22,AE,all_normal,ups_bypass,1906,93,4.879328436516264,0.018318448215723038,
777,42,measurement22,AE,all_normal,load_shed_test,1783,215,12.058328659562536,0.018318448215723038,
777,42,measurement22,AE,all_normal,maintenance,14813,1211,8.175251468304868,0.018318448215723038,
777,42,measurement22,AE,all_normal,grid,71096,2968,4.174637110385957,0.018318448215723038,
